{"cameraMode":{"drawMode":0,"name":"Shaded","section":"Shading Mode"},"sceneLighting":false,"audioPlay":false,"sceneViewState":{"m_AlwaysRefresh":false,"showFog":true,"showSkybox":false,"showFlares":true,"showImageEffects":true,"showParticleSystems":true,"showVisualEffectGraphs":true,"m_FxEnabled":true},"in2DMode":false,"pivot":{"x":7.152557373046875e-7,"y":-0.7813788652420044,"z":-2.2519326210021974},"rotation":{"x":-0.7740733623504639,"y":0.006075227167457342,"z":-0.007428742479532957,"w":-0.6330196261405945},"size":4.728084564208984,"orthographic":false}